4.114294799999999697e+01,2.944946300000000150e+01,-6.917227200000000664e+01
-2.104040099999999924e+01,-9.511222100000000523e+01,1.285745099999999930e+01
5.888153499999999951e+01,7.243597400000000164e+01,-2.001886599999999916e+01
1.542397000000000062e+01,9.886661999999999395e+00,3.537062000000000150e+00
5.377668800000000005e+01,-4.969774600000000220e+01,-2.306715799999999916e+01
-5.486614200000000352e+01,-6.523545099999999763e+01,-2.037802699999999945e+01
6.135246699999999720e+01,1.880529200000000145e+01,7.384100000000000108e+00
-6.180655300000000096e+01,2.258923000000000059e+01,2.858904499999999871e+01
-5.827223999999999648e+01,-6.042804000000000286e+01,8.625811000000000561e+00
-7.771346300000000440e+01,-3.291898299999999722e+01,7.558266399999999408e+01
7.805667900000000259e+01,5.989687700000000348e+01,-1.673894299999999902e+01
3.078860099999999989e+01,1.399567500000000031e+01,-7.776482400000000439e+01
-1.629018999999999906e+01,1.777362300000000062e+01,5.832006999999999941e+00
-5.565631999999999913e+00,5.343921699999999930e+01,-2.454188900000000118e+01
5.744669300000000334e+01,-1.337782299999999935e+01,2.805213000000000179e+00
-8.950879700000000128e+01,-8.236620000000000053e-01,8.232071700000000192e+01
-1.745980099999999879e+01,5.860124199999999917e+01,1.354839199999999977e+01
4.417375200000000035e+01,-9.299741400000000624e+01,-2.806504800000000088e+01
1.890033899999999889e+01,6.925197599999999909e+01,2.127209300000000169e+01
-1.771096800000000115e+01,5.838750799999999685e+01,3.197704299999999833e+01
5.200935999999999559e+00,3.735056300000000107e+01,2.726501100000000122e+01
-4.485344299999999862e+01,4.242421000000000220e+01,3.064058700000000002e+01
-5.007569900000000018e+01,1.989968100000000106e+01,2.617659999999999987e-01
-4.380647299999999689e+01,-5.770506699999999967e+01,6.962756299999999499e+01
2.635508300000000048e+01,1.498474200000000067e+01,3.250423000000000062e+00
2.833771300000000082e+01,-1.053436430000000001e+02,-2.522860700000000023e+01
7.012303199999999492e+01,1.082338200000000050e+01,-2.008162000000000003e+00
-4.694201699999999988e+01,-5.691134300000000223e+01,-6.955438200000000393e+01
6.964075499999999863e+01,6.097265199999999652e+01,-8.621207000000000065e+00
1.131305619999999976e+02,1.004072799999999965e+01,-4.198134600000000205e+01
1.466611999999999938e+01,6.092182199999999881e+01,-5.706667999999999630e+00
-4.002805299999999988e+01,1.852265500000000031e+01,-3.690389299999999650e+01
-4.938734399999999880e+01,-2.457139999999999880e+00,-5.805852500000000305e+01
-2.373871400000000165e+01,2.035422499999999957e+01,9.914498000000000033e+00
-1.515774599999999950e+01,4.520248800000000244e+01,2.584550099999999873e+01
1.890611000000000042e+00,8.149806999999999135e+00,4.331058999999999770e+00
-2.819942000000000171e+00,1.783820300000000003e+01,1.009995699999999985e+01
-1.274937000000000076e+01,5.765269899999999836e+01,2.911964400000000097e+01
-5.895063400000000087e+01,-5.642688799999999816e+01,1.810074600000000089e+01
-6.117390100000000075e+01,4.188268300000000011e+01,5.369267299999999921e+01
-2.712694400000000172e+01,3.047253200000000106e+01,-4.361545900000000131e+01
3.487433999999999923e+00,-7.760864999999999725e+01,4.106801999999999708e+01
-1.572636299999999920e+01,2.598355300000000057e+01,1.100503100000000067e+01
1.143031009999999981e+02,1.129605600000000010e+01,-4.412982199999999722e+01
8.240391499999999780e+01,1.913672400000000096e+01,-5.755478999999999701e+01
1.139501190000000008e+02,6.277083600000000274e+01,-3.713111500000000120e+01
3.250701500000000266e+01,2.405197899999999933e+01,1.561172400000000060e+01
-1.832720799999999883e+01,-4.418280000000000030e+01,5.330094100000000168e+01
1.005070419999999984e+02,6.706738300000000663e+01,-3.354079399999999822e+01
-4.554662299999999675e+01,3.685880999999999830e+01,1.443191599999999930e+01
8.239112000000000435e+00,-4.481224799999999675e+01,-8.923850299999999436e+01
-1.156241499999999967e+01,5.443706499999999693e+01,2.821384199999999964e+01
5.824635299999999916e+01,-6.195342600000000033e+01,-2.742127599999999887e+01
1.426858000000000004e+01,-5.790936000000000305e+00,1.451728199999999980e+01
1.332152999999999921e+00,1.770755199999999974e+01,1.457280599999999993e+01
-2.855221200000000081e+01,4.765324799999999783e+01,4.020876000000000339e+00
-4.978894799999999776e+01,-6.391924699999999859e+01,-5.744693800000000294e+01
-2.209698699999999860e+01,5.756290800000000019e+01,3.322032899999999955e+01
3.785242000000000218e+00,-3.281642500000000240e+01,-9.306639099999999587e+01
4.232934199999999691e+01,7.334291100000000085e+01,1.730797199999999947e+01
-6.292219899999999910e+01,3.363691999999999904e+00,1.602904099999999943e+01
-2.922392100000000070e+01,-2.527656599999999898e+01,-8.627154500000000326e+01
-1.874776999999999916e+01,5.982512700000000194e+01,1.733682400000000001e+01
3.553583100000000172e+01,2.397017100000000056e+01,1.363081900000000068e+01
-1.383928599999999953e+01,-3.331578100000000120e+01,-9.106390399999999374e+01
2.338073199999999829e+01,-4.110928999999999611e+00,-1.704789000000000110e+00
5.788306399999999741e+01,-5.267347300000000132e+01,-3.672226299999999810e+01
-3.173351100000000002e+01,-9.311160300000000234e+01,5.602905999999999942e+00
-5.791208300000000264e+01,-3.619212999999999791e+00,-1.000624999999999964e+01
2.510189999999999921e-01,5.581344599999999900e+01,-1.725977299999999914e+01
3.044082099999999969e+01,-1.003132319999999993e+02,-1.295138500000000015e+01
-7.638544500000000426e+01,1.227682800000000007e+01,5.148255499999999785e+01
3.278540000000000010e+00,3.381145899999999926e+01,2.579017599999999888e+01
-8.793563100000000077e+01,-4.117897000000000141e+00,8.623844099999999457e+01
1.008109359999999981e+02,1.613803300000000007e+01,-5.155276500000000084e+01
-3.409047699999999992e+01,-7.010736099999999738e+01,6.016854099999999761e+01
5.674309900000000084e+01,-1.648072799999999916e+01,1.754601000000000077e+00
1.950482699999999880e+01,-9.533433499999999583e+01,1.394871900000000053e+01
-7.501315300000000263e+01,-1.262231599999999965e+01,3.794899000000000200e+01
-7.638490000000000002e-01,3.145936199999999872e+01,-6.200485599999999664e+01
-8.465035199999999804e+01,-1.128731100000000076e+01,9.042157699999999920e+01
-2.705271999999999899e+00,1.630170999999999992e+01,9.147211000000000425e+00
-5.528924899999999809e+01,-3.380507000000000151e+00,-1.589186399999999999e+01
-2.588106200000000001e+01,-9.729151899999999387e+01,1.453109999999999902e+00
-9.613407999999999731e+00,-7.668185400000000129e+01,-8.095265200000000050e+01
7.455948600000000681e+01,-3.189071000000000211e+00,-3.218889599999999973e+01
1.033657379999999932e+02,3.143754399999999904e+01,-3.045620900000000120e+01
1.302644800000000025e+01,3.351307299999999856e+01,2.486526900000000140e+01
6.368094000000000143e+00,-8.470548999999999751e+01,3.437136799999999681e+01
-5.560806699999999836e+01,-1.041618899999999925e+01,-4.334455899999999673e+01
6.986916399999999783e+01,-2.809400899999999979e+01,-4.410679999999999978e+01
-4.330289100000000246e+01,-7.463168299999999533e+01,1.977162399999999920e+01
7.490297700000000702e+01,-3.358769999999999811e-01,-2.197214299999999909e+01
-2.707695199999999858e+01,5.525727100000000291e+01,3.319568300000000249e+01
-6.632365400000000477e+01,1.855542600000000064e+01,3.325563400000000058e+01
2.403701200000000071e+01,1.096959000000000017e+00,-2.678583000000000158e+00
-2.491538200000000103e+01,5.195374300000000289e+01,3.376934399999999670e+01
-1.245937299999999937e+01,-8.164125099999999691e+01,4.500796900000000278e+01
3.548801000000000094e+00,-3.838979999999999837e+00,2.042294700000000063e+01
-7.501412200000000041e+01,1.742503200000000163e+01,5.198214000000000112e+01
-1.047250700000000023e+01,2.341280700000000081e+01,1.140568400000000082e+01
4.453812000000000104e+00,-9.248050700000000290e+01,2.713681599999999960e+01
-7.893540199999999629e+01,1.090286399999999922e+01,7.860652899999999477e+01
1.759183300000000116e+01,-8.366300200000000586e+01,2.775580799999999826e+01
-9.648417000000000243e+00,1.989331599999999867e+01,1.007848300000000030e+01
-6.748030000000000417e-01,1.369070000000000009e-01,9.334194000000000102e+00
2.233453899999999948e+01,-1.046869810000000030e+02,-1.462523200000000045e+01
6.782022100000000364e+01,7.427715299999999843e+01,-1.917307900000000132e+01
-8.198375999999999664e+00,6.379427299999999690e+01,1.378555399999999942e+01
6.007124699999999962e+01,6.595008900000000551e+01,-3.674714999999999776e+01
4.696273000000000053e+01,6.362697200000000208e+01,-3.371015500000000031e+01
-2.560257000000000005e+01,3.302806100000000100e+01,1.550802499999999995e+01
-2.938309299999999880e+01,2.584928499999999829e+01,-4.867925600000000230e+01
-3.831500999999999824e+00,1.474389799999999973e+01,-7.834623000000000559e+01
-2.960639600000000016e+01,-8.637832600000000127e+01,-6.753449999999999420e+01
-6.908040999999999876e+00,4.113610000000000433e+00,3.910457000000000072e+00
-4.094661299999999926e+01,-8.077276600000000428e+01,1.507783500000000032e+01
7.461609599999999887e+01,-2.023571000000000009e+00,-2.494005399999999995e+01
-1.269431900000000013e+01,2.685894400000000104e+01,1.382706400000000002e+01
-1.583372699999999966e+01,3.646137199999999723e+01,-4.456682599999999894e+01
-1.091624299999999970e+01,-9.368985700000000350e+01,2.664375300000000024e+01
1.343194579999999974e+02,3.517383600000000143e+01,-4.490181400000000167e+01
6.650966999999999629e+00,9.091412000000000049e+00,3.778087999999999891e+00
5.442588400000000348e+01,-5.446864699999999715e+01,-4.841870099999999866e+01
-7.732395200000000557e+01,3.081568899999999900e+01,6.832146500000000344e+01
6.020385000000000275e+01,-2.076195900000000094e+01,-6.669813000000000436e+00
-5.726940000000000364e-01,1.899184999999999945e+01,1.417505300000000013e+01
5.829818000000000211e+01,8.090058899999999653e+01,1.734614000000000100e+00
-1.760444599999999937e+01,3.433757399999999649e+01,1.829764600000000030e+01
-7.600167799999999829e+01,3.327153400000000261e+01,6.982874300000000289e+01
5.104394099999999668e+01,-8.531327799999999684e+01,-2.372833599999999876e+01
-1.393746200000000002e+01,4.510308100000000309e+01,-3.048415899999999823e+01
1.652391799999999833e+01,5.561482199999999665e+01,-3.365501799999999832e+01
-1.341086100000000059e+01,4.989599599999999668e+01,2.827464499999999958e+01
-2.965922000000000125e+01,2.761247099999999932e+01,-4.504338099999999656e+01
-2.062200500000000147e+01,1.546753000000000000e+01,8.981301999999999452e+00
-6.082717099999999988e+01,-2.193208299999999866e+01,5.033083000000000418e+00
-5.265293100000000237e+01,4.363794299999999993e+01,4.915259600000000262e+01
-6.494731899999999314e+01,-3.342646400000000284e+01,1.751062999999999903e+01
-5.487995899999999949e+01,-6.391068299999999880e+01,-1.612241399999999913e+01
-3.081440200000000118e+01,3.288415100000000280e+01,1.652561800000000147e+01
-3.512569400000000286e+01,2.342967799999999912e+01,4.239748399999999862e+01
-2.675125699999999895e+01,4.410708199999999835e+01,2.759596600000000066e+01
-5.551604499999999831e+01,2.054532100000000128e+01,1.267113799999999912e+01
6.022082100000000082e+01,3.180003900000000172e+01,1.064251999999999931e+01
2.461220600000000047e+01,5.777944600000000008e+01,-3.125349999999999895e+01
4.455339399999999728e+01,-5.021527900000000244e+01,-1.108287000000000022e+00
-4.601042999999999772e+00,1.567572499999999991e+01,8.722450000000000259e+00
-5.587989400000000018e+01,3.161718799999999874e+01,2.745019100000000023e+01
7.347503999999999813e+00,5.269006300000000209e+01,3.632913999999999977e+00
-2.456437700000000035e+01,-7.481344599999999900e+01,5.402050400000000252e+01
-1.323371999999999993e+00,1.878279300000000163e+01,1.170209200000000038e+01
7.449070000000000391e+01,3.051195500000000038e+01,-3.804514999999999869e+00
-3.047636200000000173e+01,4.146974199999999655e+01,2.421710200000000057e+01
1.236931500000000028e+01,6.284720999999999691e+01,3.690335499999999769e+01
1.221801449999999960e+02,5.988304500000000274e+01,-3.328338600000000014e+01
-1.801996400000000165e+01,2.156276300000000035e+01,6.722592999999999819e+00
5.622271999999999714e+00,-5.348469999999999835e+00,1.104665999999999926e+01
1.353758999999999935e+00,9.692519000000000773e+00,5.711316000000000059e+00
9.140924099999999441e+01,7.065357199999999693e+01,-2.995422599999999846e+01
-2.044990500000000111e+01,5.977819399999999916e+01,3.189482699999999937e+01
7.789734599999999887e+01,4.659825899999999876e+01,-5.875812499999999972e+01
6.235184100000000029e+01,-1.598367200000000032e+01,-5.293504999999999683e+00
7.760060099999999750e+01,1.306341999999999892e+00,-2.924952499999999844e+01
6.788024900000000628e+01,6.560980999999999597e+01,-3.920469700000000302e+01
5.649337799999999987e+01,-1.453358000000000061e+01,2.953358999999999845e+00
8.796494300000000521e+01,6.216746100000000297e+01,-2.486988799999999955e+01
5.656647000000000425e+00,-5.007227000000000317e+00,1.456475299999999962e+01
6.820964100000000485e+01,-1.120019600000000004e+01,-1.145719599999999971e+01
4.077252599999999916e+01,-5.773882299999999645e+01,-6.708947000000000571e+01
2.179312900000000042e+01,-6.627663400000000138e+01,-8.084031699999999887e+01
-5.875291099999999744e+01,-3.943475300000000061e+01,-4.201301999999999737e+01
-2.022279899999999841e+01,-1.018866809999999958e+02,-2.007472599999999829e+01
-1.470492699999999964e+01,1.625886300000000162e+01,5.685662999999999911e+00
-1.492272099999999924e+01,3.688559000000000054e+01,2.141438099999999878e+01
-8.261964399999999387e+01,2.164777899999999988e+01,7.088403300000000229e+01
-4.849992000000000303e+01,-6.537927200000000028e+01,2.689852099999999879e+01
-7.054165600000000325e+01,-3.093887700000000152e+01,8.805624400000000662e+01
-7.723557999999999879e+01,1.956787299999999874e+01,5.815087900000000332e+01
4.238636000000000337e+01,-2.298502200000000073e+01,5.162910000000000110e+00
3.500136599999999731e+01,1.213000500000000059e+01,-7.012500000000000677e-02
-5.171530899999999775e+01,-6.544931800000000521e+01,-4.728098700000000321e+01
-2.789332999999999885e+01,1.981959499999999963e+01,1.413700399999999924e+01
-5.315918400000000332e+01,-2.767680400000000063e+01,-6.572718799999999817e+01
-4.793900299999999959e+01,-7.838925899999999558e+01,-3.220858400000000188e+01
1.930244400000000127e+01,4.357123599999999897e+01,-5.457346299999999673e+01
5.630855199999999883e+01,7.682121999999999673e+01,7.475681999999999938e+00
-8.986238999999999422e+00,5.915174900000000235e+01,2.099311999999999845e+00
4.407934000000000019e+00,6.331915000000000404e+00,1.677907000000000037e+00
6.090724600000000066e+01,-2.532953300000000141e+01,-1.501565000000000083e+01
-4.356443000000000154e+01,-8.140078699999999401e+01,-1.949922600000000017e+01
-6.429965000000000153e+00,1.128478600000000043e+01,5.008090000000000153e+00
-1.199188999999999972e+01,-1.026725770000000040e+02,-1.843941000000000052e+00
-1.031226299999999974e+01,-8.406431600000000515e+01,4.228813600000000150e+01
-3.966431000000000040e+01,4.344445400000000035e+01,2.868921100000000024e+01
-2.687214900000000029e+01,8.430877999999999872e+00,-7.366300999999999988e+01
7.572774499999999875e+01,-1.149148800000000037e+01,-4.968697699999999884e+01
-5.797347299999999848e+01,-5.429667299999999841e+01,2.910067700000000102e+01
-3.724573500000000337e+01,2.956664999999999921e+01,4.087472199999999845e+01
2.504733500000000035e+01,-1.025344309999999979e+02,-8.566663000000000139e+00
-4.904139299999999935e+01,-7.395847299999999791e+01,1.279887000000000086e+01
-4.921092199999999650e+01,1.868128799999999856e+01,-2.921981999999999857e+00
3.047926100000000105e+01,-3.340888999999999953e+01,2.163318800000000053e+01
-1.474178900000000070e+01,-5.669307299999999827e+01,-8.786745500000000675e+01
-6.701535800000000620e+01,-2.782792999999999850e+01,8.438734399999999880e+01
7.430871600000000399e+01,7.245802299999999718e+01,-8.979632999999999754e+00
1.269544680000000056e+02,5.069365700000000174e+01,-4.323714100000000116e+01
-1.204022499999999951e+01,-8.547963000000000022e+01,4.061097699999999833e+01
-7.337072799999999972e+01,3.285049099999999811e+01,6.411141200000000140e+01
-5.034905200000000036e+01,1.543862000000000068e+00,-4.459316599999999653e+01
-2.517381900000000172e+01,5.817083699999999880e+01,3.114070099999999996e+01
2.773611100000000107e+01,-1.044075300000000084e+01,9.542108999999999952e+00
1.083698880000000031e+02,9.007379000000000246e+00,-3.954771000000000214e+01
-3.816011400000000009e+01,-8.230611399999999378e+01,1.717664100000000005e+01
5.385252999999999624e+00,2.104153799999999919e+01,1.927798299999999898e+01
-1.889025900000000036e+01,3.732650399999999991e+01,2.068379399999999890e+01
-3.550578300000000098e+01,-8.541893799999999715e+01,1.518130500000000005e+01
-1.168642799999999937e+01,-7.908754700000000071e+01,4.616048800000000085e+01
-1.078327700000000000e+01,4.761607399999999757e+01,-2.956964899999999830e+01
-3.102311500000000066e+01,2.348825100000000177e+01,3.917890899999999732e+01
3.691400500000000306e+01,-3.754552100000000081e+01,1.099486399999999975e+01
6.717031900000000633e+01,-9.251139999999999475e+00,-6.793758000000000408e+00
1.386214799999999947e+01,4.748388299999999873e+01,-4.846877700000000289e+01
-2.336484700000000103e+01,5.118795000000000073e+01,3.320033999999999708e+01
-5.544625899999999774e+01,-2.595355199999999840e+01,-6.028845599999999649e+01
-3.729975100000000054e+01,2.226397300000000001e+01,-3.091787899999999922e+01
4.188331999999999766e+01,-3.981364800000000059e+01,2.518003000000000213e+00
-3.445732900000000143e+01,5.771271999999999736e+00,5.110508699999999749e+01
-1.906833999999999918e+01,1.132353499999999968e+01,2.297066500000000033e+01
6.014761000000000024e+01,-1.326743399999999973e+01,-6.907319599999999582e+01
-3.568681000000000125e+01,4.813932799999999901e+01,2.953267900000000168e+01
5.842254999999999754e+00,6.069362999999999886e+01,2.983372500000000116e+01
-5.571981000000000250e+01,-1.461523900000000076e+01,-5.244250499999999704e+01
2.656684299999999865e+01,2.829185100000000119e+01,2.190843399999999974e+01
1.259080579999999969e+02,2.454261800000000093e+01,-4.462734999999999985e+01
6.619343600000000549e+01,1.015372999999999948e+01,6.915208999999999939e+00
-2.163938500000000076e+01,3.535514100000000326e+01,1.871514499999999970e+01
2.990123699999999829e+01,2.084569400000000172e+01,1.153553899999999999e+01
1.240107189999999946e+02,2.236811399999999850e+01,-4.318648100000000056e+01
-2.314378500000000116e+01,-4.088119999999999976e+00,5.328348199999999935e+01
-3.593487000000000098e+00,7.341482000000000063e+00,1.864422000000000024e+00
5.894983700000000226e+01,7.950077799999999684e+01,-3.311278000000000166e+00
-1.443416500000000013e+01,5.838989999999999725e+01,3.026661500000000160e+01
1.275823670000000050e+02,4.223982999999999777e+01,-3.721822399999999931e+01
-1.378066899999999961e+01,-7.559677100000000394e+01,4.779413199999999762e+01
-1.147491600000000034e+01,-9.618834699999999316e+01,1.928801500000000146e+01
-2.867407800000000151e+01,-7.421458400000000211e+01,5.552405900000000116e+01
-3.809275800000000345e+01,4.095166799999999796e+01,2.469991699999999923e+01
-5.423398600000000158e+01,-6.457726300000000208e+01,-4.174848899999999929e+01
9.520533999999999608e+00,5.274930000000000341e+00,-5.450956999999999830e+00
-9.983881999999999479e+00,5.322735200000000333e+01,-1.244884200000000085e+01
-4.336985999999999564e+00,2.790907899999999842e+01,2.352865200000000101e+01
-8.273927299999999718e+01,-3.401619999999999866e+00,6.099347300000000160e+01
-1.101757500000000078e+01,2.310764500000000155e+01,1.090910200000000074e+01
4.669020499999999885e+01,2.918143999999999849e+01,1.645917499999999833e+01
5.157199999999999562e-01,1.621125800000000083e+01,9.148170000000000357e+00
8.377124799999999993e+01,7.672258800000000178e+01,-2.117627500000000040e+01
-6.886503600000000347e+01,-3.750585900000000095e+01,8.545963299999999663e+01
4.385218400000000116e+01,-8.418733199999999783e+01,-6.396398999999999724e+00
-1.455080099999999987e+01,3.234579099999999841e+01,1.796650100000000094e+01
-5.766027499999999861e+01,3.242049999999999876e+00,-2.013964000000000087e+00
-9.830615999999999133e+00,-4.563889300000000304e+01,4.653276100000000071e+01
-1.466287699999999994e+01,5.540899300000000238e+01,2.999793800000000132e+01
1.215523610000000048e+02,5.328192099999999698e+01,-3.731576199999999943e+01
5.516514600000000002e+01,3.165222400000000036e+01,1.380859200000000087e+01
-6.457559999999999434e+01,-4.758954200000000156e+01,7.839224199999999598e+01
-7.518408999999999764e+01,-2.823865699999999990e+01,9.088840500000000588e+01
7.098976899999999546e+01,1.124036199999999930e+01,-3.246223000000000081e+00
3.686497899999999817e+01,-3.972471999999999781e+01,-7.793822500000000275e+01
1.267215299999999978e+01,-1.591871999999999954e+00,-5.499306999999999945e+00
-5.453582000000000107e+01,-1.652314600000000056e+01,-5.765475099999999742e+01
3.159257500000000007e+01,-8.017300999999999789e+00,2.924520999999999926e+00
-5.635483200000000181e+01,6.036408999999999914e+00,-2.249454000000000065e+00
-4.083198200000000355e+01,-6.366250200000000348e+01,6.565252700000000630e+01
5.744044900000000098e+01,-5.520372799999999813e+01,-2.925650999999999868e+01
1.392627000000000059e+00,-2.362122999999999973e+00,6.173362000000000016e+00
-1.335343300000000077e+01,1.029925300000000021e+01,-7.947725699999999449e+01
-3.159051900000000046e+01,3.644784200000000141e+01,-1.796062999999999832e+01
4.365075300000000169e+01,-4.060723500000000286e+01,-1.095990000000000020e-01
3.614279999999999937e+00,-4.395018999999999565e+00,7.709347000000000172e+00
5.693057999999999730e+00,5.266613399999999956e+01,-3.435059400000000096e+01
5.477233100000000121e+01,4.279346100000000064e+01,-6.481692499999999768e+01
-4.424586899999999901e+01,-8.332308199999999943e+01,9.911259999999999515e-01
-3.891394000000000020e+00,1.808683999999999870e+01,1.013820600000000027e+01
-8.804059599999999364e+01,1.359945399999999971e+01,7.861576800000000276e+01
4.510283700000000096e+01,-6.196393599999999680e+01,1.310170000000000057e+00
6.550017000000000422e+00,-1.031079710000000063e+02,8.990211999999999648e+00
3.408684900000000084e+01,-3.334853999999999985e+00,-8.388172900000000709e+01
5.952131700000000336e+01,2.990964100000000059e+01,1.089461299999999966e+01
-3.108072500000000105e+01,-6.304113000000000255e+01,6.051038400000000195e+01
1.315983429999999998e+02,2.985722499999999968e+01,-4.016204499999999911e+01
-8.652894600000000480e+01,-1.311086799999999997e+01,8.749819899999999961e+01
-4.662129999999999885e-01,2.784068900000000113e+01,2.327873800000000060e+01
-1.262989899999999999e+01,6.376914200000000221e+01,1.922742300000000171e+01
5.577700800000000214e+01,3.009431100000000114e+01,1.308832400000000007e+01
-2.946736699999999942e+01,5.536370500000000305e+01,2.393396800000000013e+01
9.430317700000000514e+01,7.038836700000000235e+01,-2.518674299999999988e+01
7.115335100000000068e+01,7.653134900000000584e+01,-4.445672000000000068e+00
2.107821500000000015e+01,5.675543199999999899e+01,-3.257338699999999676e+01
3.066666800000000137e+01,-4.873740800000000206e+01,2.218790600000000168e+01
5.125780999999999921e+00,5.988978199999999674e+01,3.450774400000000242e+01
-5.738723399999999941e+01,-8.654530000000000278e-01,-8.940542999999999907e+00
3.553991700000000264e+01,1.063824600000000054e+01,-5.191689999999999916e-01
-1.026241399999999970e+01,-1.069598620000000011e+02,-4.960161200000000292e+01
-3.791092299999999682e+01,4.031421699999999930e+01,2.332428700000000177e+01
1.202879500000000057e+01,-1.000280230000000046e+02,1.286088200000000015e+01
-2.257590100000000177e+01,3.769353900000000124e+01,2.139205000000000112e+01
-6.714949799999999414e+01,1.209277100000000083e+01,2.946565199999999862e+01
1.218180009999999953e+02,5.577119799999999827e+01,-3.925181200000000104e+01
-7.531186700000000656e+01,-2.969880099999999956e+01,9.002886999999999773e+01
2.328421600000000069e+01,-1.011010279999999995e+02,-1.793933000000000000e+00
-6.121649200000000235e+01,-1.810335500000000053e+01,4.566200000000000259e-01
1.096888299999999994e+01,2.746377199999999874e+01,2.223424100000000081e+01
2.017735899999999916e+01,5.200588199999999972e+01,-4.502731299999999948e+01
-6.554006200000000604e+01,-1.742305199999999843e+01,1.690594700000000117e+01
-5.056759600000000177e+01,-5.799813799999999731e+01,-6.419393200000000377e+01
-6.847520400000000507e+01,3.340505199999999775e+01,7.003453100000000120e+01
2.119717000000000073e+00,-3.253500999999999976e+00,6.193675999999999959e+00
-5.165321000000000140e+01,-5.888356799999999680e+01,-5.841591300000000331e+01
-8.270063000000000386e+01,-1.602654100000000170e+01,6.461389900000000353e+01
1.130198440000000062e+02,9.299469999999999459e+00,-4.325536699999999968e+01
1.167987289999999945e+02,6.274705500000000313e+01,-3.613627600000000228e+01
9.410571299999999439e+01,3.205814999999999859e+00,-3.313035200000000202e+01
-7.331608000000000125e+00,5.914256999999999920e+01,-1.343865000000000087e+00
9.430475599999999758e+01,-1.108028000000000013e+00,-4.998328800000000172e+01
-5.774873399999999890e+01,-5.967316799999999688e+01,-3.123134999999999994e+00
-8.712528199999999856e+01,1.723152500000000131e+01,7.794220699999999624e+01
-6.264515699999999754e+01,6.905058999999999614e+00,1.682412499999999866e+01
6.957395200000000557e+01,3.603887900000000144e+01,4.495190000000000019e-01
1.015456310000000002e+02,6.560012100000000146e+01,-3.559468499999999835e+01
-6.053895200000000187e+01,-5.101796000000000220e+01,4.659931900000000127e+01
-5.875746900000000039e+01,-9.883416999999999675e+00,-2.087307699999999855e+01
-3.150929999999999787e+00,2.038872500000000088e+01,1.218317799999999984e+01
7.465472400000000164e+01,7.561493699999999762e+01,-2.042361599999999910e+01
-5.923914299999999855e+01,-5.354488400000000325e+01,5.030381400000000269e+01
7.802575000000000038e+00,1.061680199999999985e+01,4.827187999999999590e+00
-7.698368800000000078e+01,-3.167826499999999967e+01,6.649286700000000394e+01
-5.714315799999999967e+01,-5.930696499999999816e+01,-3.191853300000000004e+01
-1.537738300000000002e+01,9.585504999999999498e+00,9.504948000000000619e+00
1.247330799999999940e+01,1.013882599999999989e+01,-1.086590000000000056e-01
-2.038082999999999867e+00,5.373982600000000076e+01,1.602183199999999985e+01
7.121146400000000654e+01,5.469404999999999717e+01,-5.809947999999999979e+01
7.144051399999999319e+01,7.417265299999999684e+01,-2.182573100000000110e+01
-6.704658499999999322e+01,-2.022731800000000035e+01,8.127938100000000077e+01
-4.250580999999999676e+01,-6.875975800000000504e+01,6.006635299999999944e+01
7.079930099999999982e+01,-2.587327600000000061e+01,-4.455061299999999846e+01
-5.684745000000000381e+00,4.445727999999999902e+00,1.705872000000000055e+00
-5.634459999999999802e+00,2.286715699999999885e+01,1.340565600000000046e+01
-8.484580200000000616e+01,-1.371368499999999990e+01,6.969698300000000302e+01
6.471581999999999368e+01,-1.775105100000000036e+01,-1.374119699999999966e+01
-6.229073000000000349e+01,-3.072172399999999826e+01,-7.409832999999999892e+00
-1.681117599999999968e+01,-9.565897400000000061e+01,-6.541323099999999613e+01
-3.458548400000000100e+01,2.352423999999999893e+01,-4.373381799999999942e+01
-2.790434999999999999e+00,2.033015299999999925e+01,1.262932699999999997e+01
-6.536505099999999402e+01,-2.901807999999999943e+00,1.819600700000000160e+01
-7.232132000000000005e+00,-9.780849499999999352e+01,1.851520299999999963e+01
3.678376800000000202e+01,6.456112699999999904e+01,-1.873335499999999954e+01
-3.933039999999999869e-01,-8.494894399999999735e+01,3.883083700000000249e+01
-2.586319500000000104e+01,3.039338300000000004e+01,1.339703500000000069e+01
5.921563700000000097e+01,-1.941769400000000090e+01,-6.665955399999999997e+01
-5.629392200000000201e+01,1.160473900000000036e+01,5.864628999999999870e+00
1.252544299999999922e+01,-9.006413000000000224e+00,5.856202999999999825e+00
-3.565311799999999920e+01,5.077298700000000053e+01,2.759258700000000175e+01
-7.702771000000000257e+00,-9.907701900000000705e+01,1.429118899999999925e+01
1.839375899999999930e+01,1.017602600000000024e+01,-8.209086600000000544e+01
1.189026570000000049e+02,6.279740100000000069e+01,-3.455752900000000238e+01
9.312989999999999213e+00,6.328294000000000352e+01,3.485329800000000233e+01
-5.143850299999999720e+01,-7.092401099999999303e+01,1.218625600000000020e+01
-3.433943899999999871e+01,-1.486795200000000072e+01,6.273398999999999859e+01
6.058606699999999989e+01,4.420833199999999863e+01,-6.360307699999999897e+01
-2.698555800000000104e+01,-7.366932699999999556e+01,5.543018699999999654e+01
3.260703999999999780e+01,-4.893475300000000061e+01,1.727283900000000116e+01
1.108776019999999960e+02,6.734435999999999645e+00,-4.246143299999999954e+01
-6.182035799999999881e+01,-3.831405600000000078e+01,-4.440090999999999788e+00
-4.074440799999999996e+01,-3.568822099999999864e+01,6.677092000000000382e+01
-5.568718299999999743e+01,-4.947137099999999776e+01,-4.726439299999999832e+01
-6.611336500000000171e+01,-4.533929999999999905e-01,2.003486799999999945e+01
6.718875099999999634e+01,7.735950499999999863e+01,-1.262353700000000067e+01
3.864778100000000194e+01,-6.767038000000000331e+00,5.420990999999999893e+00
1.143765259999999984e+02,5.856133700000000175e+01,-3.271537800000000118e+01
-1.177863800000000083e+01,8.182553000000000409e+00,2.803453299999999970e+01
-8.333383899999999755e+01,-1.874061599999999927e+01,6.931807700000000239e+01
-2.286539999999999961e-01,3.552084399999999675e+01,-5.746957799999999850e+01
7.447722600000000170e+01,7.895859500000000253e+01,-1.495167000000000002e+01
-3.070663999999999838e+00,-3.043880100000000155e+01,-9.329649399999999559e+01
-1.027953699999999948e+01,3.499983600000000195e+01,-4.897809199999999663e+01
1.080602870000000024e+02,7.626074000000000019e+00,-4.755244799999999827e+01
1.248672299999999957e+01,-5.627157199999999904e+01,-8.563212599999999952e+01
-4.590562000000000253e+00,2.053146200000000121e+01,1.173437099999999944e+01
-3.587991300000000194e+01,4.152605400000000202e+01,2.370850899999999939e+01
-1.682440000000000069e+01,-8.359779399999999328e+01,4.320474600000000009e+01
7.230746499999999344e+01,8.403871999999999787e+00,-5.162246999999999808e+00
4.764168899999999951e+01,-7.962179600000000335e+01,-4.395694699999999955e+01
-5.691139999999999866e+00,2.671748900000000049e+01,-6.473373399999999833e+01
7.498049899999999468e+01,1.796930899999999909e+01,-2.250033000000000172e+00
-6.098915499999999668e+01,1.572174300000000002e+01,1.968920100000000062e+01
2.635517700000000119e+01,9.684774000000000882e+00,-2.825391000000000208e+00
-9.285666000000000864e+00,5.256690199999999891e+01,-1.997304899999999961e+01
5.010487700000000189e+01,7.916648899999999855e+01,1.306556199999999990e+01
-2.179415099999999939e+01,-9.873579399999999850e+01,1.127863999999999978e+00
1.321147770000000037e+02,4.857356300000000005e+01,-4.305087999999999937e+01
-8.004908000000000357e+01,4.293249000000000315e+00,5.506758899999999812e+01
1.851331700000000069e+01,9.869633000000000322e+00,3.586875000000000036e+00
-4.994448500000000024e+01,-5.867848599999999948e+01,7.073774699999999882e+01
1.048357160000000050e+02,7.095006999999999842e+00,-3.857843799999999845e+01
3.701759299999999797e+01,-9.650951399999999580e+01,-1.866043499999999966e+01
6.953864299999999332e+01,1.377478499999999961e+01,-5.741030000000000300e-01
4.829418600000000339e+01,-3.297244599999999792e+01,3.931470000000000020e+00
3.330103700000000089e+01,-9.625115999999999872e+01,-5.463481999999999950e+00
-4.243145799999999923e+01,3.450708399999999898e+01,4.167753199999999936e+01
-8.971383699999999806e+01,-4.994069999999999898e-01,7.852087400000000628e+01
-1.284940100000000029e+01,-5.945827500000000043e+01,4.580235700000000065e+01
2.775996999999999915e+01,5.879404799999999653e+01,-2.983464999999999989e+01
9.720904500000000326e+01,4.836298000000000030e+01,-3.012481100000000112e+01
2.707655099999999848e+01,-8.675931500000000085e+01,1.648494300000000123e+01
1.078337400000000059e+02,2.441482000000000152e+00,-4.342889799999999667e+01
-4.410935200000000123e+01,3.935446900000000170e+01,4.089764000000000266e+01
-1.101938299999999948e+01,2.846142000000000039e+01,1.674636800000000036e+01
-9.140641000000000460e+00,-2.152343899999999977e+01,-9.133398400000000095e+01
-5.288969399999999865e+01,-3.328314999999999912e+01,7.608224500000000035e+01
7.809780100000000402e+01,6.958467100000000016e+01,-3.404473899999999986e+01
4.248204400000000192e+01,6.909711500000000228e+01,-1.388921099999999953e+01
-3.361628000000000327e+01,4.170230099999999851e+01,-1.583326999999999929e+00
-5.588124100000000283e+01,2.718186400000000091e+01,2.114600799999999836e+01
-5.079739800000000116e+01,4.107836499999999802e+01,4.876909299999999803e+01
-4.288497499999999718e+01,4.274381999999999948e+01,2.938518499999999989e+01
7.518247999999999820e+01,7.785370000000000346e-01,-1.821029300000000006e+01
1.368865659999999878e+02,3.664653799999999961e+01,-4.308997300000000052e+01
-5.387463000000000335e+01,4.745141000000000275e+00,-1.066201200000000071e+01
-4.882903699999999958e+01,2.308775899999999837e+01,5.340352599999999939e+01
-8.333995099999999923e+01,-2.252320699999999931e+01,8.671626299999999787e+01
4.959620699999999971e+01,6.890108499999999481e+01,-2.200028599999999912e+01
3.338417799999999858e+01,1.515844700000000067e+01,2.350859999999999950e+00
9.135566000000000741e+00,-8.452253999999999934e+00,1.018177400000000077e+01
-3.198379500000000064e+01,4.993286899999999662e+01,3.149847799999999864e+01
7.662272999999999890e+00,-1.074547500000000042e+02,-5.298272699999999702e+01
-1.461441899999999983e+01,3.783932500000000232e+01,2.207243300000000019e+01
-4.785869999999999891e+01,4.300995300000000299e+01,3.070795400000000086e+01
-6.143213699999999733e+01,-1.392651799999999973e+01,-1.170446199999999948e+01
-6.332388699999999915e+01,-7.177239000000000146e+00,1.390778199999999920e+01
-3.601388899999999893e+01,-4.324838299999999691e+01,-8.383475500000000125e+01
-7.778260000000000174e-01,5.474463999999999686e+01,-2.621480599999999939e+01
1.784833100000000172e+01,-2.507589700000000121e+01,-9.036131299999999555e+01
9.580065899999999601e+01,1.137372799999999984e+01,-5.209725600000000156e+01
-1.509352499999999964e+01,3.832604599999999806e+01,2.192699599999999904e+01
-5.829215200000000152e+01,-5.344924499999999767e+01,3.816143799999999686e+01
-1.700882500000000164e+01,5.530925799999999981e+01,5.026584999999999859e+00
6.288470800000000338e+01,-8.214721000000000828e+00,1.582297999999999982e+00
-5.270846900000000090e+01,-7.028879499999999325e+01,8.607727000000000572e+00
-7.217144799999999805e+01,-9.829839999999999689e-01,3.292384299999999797e+01
-1.320539300000000082e+01,-2.255867999999999984e+00,-8.650869000000000142e+01
3.672094700000000245e+01,-5.674230200000000224e+01,1.488530100000000012e+01
-5.552405000000000257e+00,2.335703499999999977e+01,1.398086900000000021e+01
1.219311600000000055e+02,2.110680800000000090e+01,-4.462438199999999711e+01
-6.175088900000000081e+01,-4.624654400000000010e+01,8.104624900000000309e+01
-2.680684899999999971e+01,2.875901599999999902e+01,-4.717175699999999949e+01
7.136295300000000452e+01,-2.352287899999999965e+01,-4.570281599999999855e+01
7.704404399999999953e+01,-9.474655999999999523e+00,-4.277250300000000038e+01
4.828285999999999945e+01,-6.542641399999999408e+01,-3.661871000000000098e+00
-5.193510100000000307e+01,2.191945300000000074e+01,6.776972999999999914e+00
2.516496499999999870e+01,7.275253299999999967e+01,1.739469499999999869e+01
-7.662424500000000194e+01,-1.826391599999999826e+01,9.173588599999999360e+01
2.094617999999999824e+01,-1.101270219999999966e+02,-3.356457499999999783e+01
8.065737199999999518e+01,2.465887599999999935e+01,-9.826047000000000864e+00
2.509285200000000060e+01,-1.105951800000000063e+01,1.594140299999999932e+01
-1.236405500000000046e+01,3.069371800000000050e+01,1.762328499999999920e+01
3.199903099999999867e+01,-9.921237899999999854e+01,-1.566045699999999918e+01
-5.101773099999999772e+01,4.463979000000000141e+00,-1.635182199999999852e+01
-1.243673599999999979e+01,4.882687800000000067e+01,-2.595054400000000072e+01
3.634736999999999885e+00,-1.096821369999999973e+02,-4.639017100000000227e+01
4.682816300000000354e+01,7.146064800000000616e+01,-1.343092399999999920e+01
-1.806187399999999954e+01,-5.102190000000000225e+01,-8.875368500000000438e+01
-5.100710300000000075e+01,-4.303865400000000108e+01,-6.839185299999999756e+01
8.191585499999999342e+01,7.408605199999999513e+01,-2.762046199999999985e+01
-4.612673999999999808e+01,7.671516999999999697e+00,5.705168199999999956e+01
-8.176948500000000308e+01,5.480578999999999645e+00,8.543314399999999864e+01
-8.117401900000000126e+01,-2.023030000000000106e-01,5.686679800000000284e+01
2.050774399999999886e+01,-8.019451899999999966e+01,2.643054599999999965e+01
-4.611951400000000234e+01,4.344360700000000008e+01,3.246316900000000061e+01
-6.562085700000000088e+01,1.606974400000000003e+01,2.924529300000000021e+01
-3.551895100000000127e+01,-1.677515000000000089e+00,5.737787600000000054e+01
1.324804199999999987e+01,6.079858000000000118e+01,7.456940000000000346e+00
-5.630128100000000302e+01,1.587479399999999963e+01,9.580880999999999759e+00
7.440629599999999755e+01,3.297042100000000175e+01,-4.443192999999999948e+00
-4.323049999999999948e-01,3.061461100000000002e+01,2.464199100000000087e+01
-7.859127800000000263e+01,2.768269300000000044e+01,6.727375000000000682e+01
-4.386170599999999808e+01,4.143666799999999739e+01,3.124419200000000174e+01
-5.546589300000000122e+01,4.374570800000000048e+01,5.123216599999999943e+01
7.438373999999999597e+00,-8.186049000000000575e+00,8.867169999999999774e+00
-7.336943100000000584e+01,1.540796899999999958e+01,7.441352100000000291e+01
-5.801193599999999861e+01,-8.014844000000000079e+00,-1.774693500000000057e+01
-2.487597699999999890e+01,2.214627000000000123e+00,4.652948800000000062e+01
-7.014536999999999978e+01,-3.441040799999999678e+01,4.072113399999999928e+01
8.133927999999999159e+00,-5.524358699999999800e+01,3.414491999999999905e+01
2.495124099999999956e+01,2.578033399999999986e+01,-7.113533800000000440e+01
9.338258399999999426e+01,4.880393200000000320e+01,-5.347886299999999693e+01
-2.726406300000000016e+01,-7.827980800000000272e+01,5.162658700000000067e+01
-4.303764699999999976e+01,2.013278000000000034e+01,-2.320802700000000129e+01
-2.906988499999999931e+01,3.089763800000000060e+01,1.497978600000000071e+01
-2.514043399999999906e+01,-7.917260000000000275e+01,5.025921199999999800e+01
3.771916600000000130e+01,-1.802752699999999919e+01,4.549242999999999704e+00
-3.689492400000000316e+01,3.852461600000000175e+01,2.106136700000000062e+01
1.267022780000000068e+02,3.114614500000000064e+01,-4.671014000000000266e+01
-3.897899600000000220e+01,-2.140203699999999998e+01,-8.030145299999999509e+01
6.697816500000000417e+01,2.404029299999999836e+01,3.641917999999999989e+00
-3.812173500000000104e+01,4.821386300000000347e+01,2.810577999999999932e+01
-6.614864300000000696e+01,-3.933395399999999853e+01,2.930619400000000141e+01
-3.317901200000000017e+01,3.124786800000000042e+01,-2.590490700000000146e+01
1.118773570000000035e+02,2.019019300000000072e+01,-3.773157100000000241e+01
-4.211638599999999855e+01,-8.583810400000000129e+01,2.233664000000000094e+00
3.101617099999999994e+01,3.238716500000000309e+01,-6.772058099999999570e+01
-3.216358199999999812e+01,2.310859500000000111e+01,-5.010828800000000172e+01
2.527488500000000116e+01,7.562427499999999725e+01,2.418305399999999850e+01
5.130286399999999958e+01,-2.644506600000000063e+01,5.246302000000000021e+00
-1.515258000000000038e+01,3.057948499999999825e+01,1.578484599999999993e+01
4.614159399999999778e+01,-2.273212600000000094e+01,6.042716999999999672e+00
-6.213131700000000279e+01,-4.811687100000000328e+01,7.927886200000000372e+01
-3.910888299999999873e+01,3.127933099999999911e+01,2.411225500000000110e+01
-6.370239999999999725e+01,-4.070759999999999934e+01,1.606619600000000148e+01
-1.616563999999999979e+01,1.875508699999999962e+01,6.044107999999999592e+00
-3.328415700000000044e+01,-7.698986100000000476e+01,4.878073899999999696e+01
4.319437800000000038e+01,4.449916100000000085e+01,2.052495199999999897e+01
6.549188200000000393e+01,-3.422569299999999970e+01,-3.894896700000000322e+01
-3.733739899999999778e+01,-7.580116999999999905e+01,4.299766900000000192e+01
-1.549888699999999986e+01,1.741826100000000110e+01,5.789056999999999675e+00
-5.458800899999999956e+01,-6.234057599999999866e+01,2.169229299999999938e+01
8.860980200000000195e+01,4.460482799999999770e+01,-5.398164400000000285e+01
4.523843000000000103e+01,2.431452399999999869e+01,1.300474200000000025e+01
-3.012960599999999900e+01,4.109093099999999765e+01,-1.058544499999999999e+01
6.408669299999999680e+01,8.196621000000000379e+00,-6.356306800000000123e+01
-2.924430999999999869e+01,-7.688445299999999349e+01,5.296170800000000156e+01
-3.279638700000000284e+01,3.891626699999999772e+01,-9.475222000000000477e+00
-5.147718400000000116e+01,-5.711490200000000073e+01,7.257273100000000454e+01
4.308955399999999969e+01,7.622009300000000565e+01,1.786868099999999870e+01
-4.155509599999999892e+01,3.638478099999999671e+01,2.997264699999999849e+01
5.230219300000000260e+01,-3.241874700000000331e+01,-4.179390999999999856e+00
4.046770000000000089e-01,-1.277476000000000056e+00,6.127596999999999738e+00
-9.701933000000000362e+00,2.603889699999999863e+01,-6.318384900000000215e+01
5.140477400000000330e+01,-2.873746500000000026e+01,2.239231000000000193e+00
3.299914600000000320e+01,-9.839521799999999985e+01,-1.261777700000000024e+01
7.191519900000000121e+01,4.825389899999999699e+01,-6.032195300000000060e+01
-2.528095400000000126e+01,-1.156989999999999963e-01,-8.042520100000000127e+01
6.386840800000000229e+01,-2.903661900000000173e+01,-2.654387099999999933e+01
-1.250470600000000054e+01,1.241154099999999971e+01,5.532195999999999891e+00
1.207248150000000066e+02,5.723405499999999790e+01,-3.799084899999999720e+01
5.687556800000000123e+01,-3.710999699999999990e+01,-2.450002299999999877e+01
8.783899700000000621e+01,7.159780100000000402e+01,-2.097815100000000044e+01
2.448083499999999901e+01,-5.226905800000000113e+01,2.690853699999999904e+01
1.525803800000000088e+01,6.782329599999999914e+01,3.434760299999999944e+01
-3.687760899999999964e+01,-8.116970100000000343e+01,2.301736299999999957e+01
5.218986100000000050e+01,-7.733136700000000019e+01,-3.555894899999999836e+01
3.716027499999999861e+01,7.151051300000000310e+01,2.041503300000000110e+01
3.655257799999999690e+01,7.990969800000000589e+01,1.701253900000000030e+01
-4.221270400000000222e+01,1.347060199999999952e+01,-4.642988199999999921e+01
-4.117763099999999810e+01,-8.624250800000000083e+01,-3.920573799999999665e+01
-5.465653999999999968e+01,-8.980010000000000492e-01,-1.393642200000000031e+01
-1.659496000000000082e+00,5.437264299999999650e+01,3.428508399999999767e+01
-5.288500200000000007e+01,-7.102772500000000377e+01,-7.024281000000000219e+00
2.310241900000000115e+01,3.871778900000000334e+01,2.563071100000000158e+01
2.599214200000000119e+01,-1.049933010000000024e+02,-4.434658799999999701e+01
-8.536673999999999651e+00,-3.509528699999999901e+01,4.962751000000000090e+01
7.423839599999999450e+01,-2.056277800000000155e+01,-4.334996799999999695e+01
3.954937400000000025e+01,1.230583900000000064e+01,1.828432999999999975e+00
-7.155866199999999822e+01,-7.287352000000000274e+00,2.839104499999999831e+01
9.357842300000000080e+01,6.826749399999999923e+01,-3.326968800000000215e+01
4.966040399999999977e+01,-9.570066000000000628e+00,-7.662487000000000137e+01
-4.247229399999999799e+01,3.879487999999999914e+01,1.088372500000000009e+01
-3.689983000000000146e+01,2.098514600000000030e+01,-4.435485500000000059e+01
-1.371180500000000002e+01,-1.032518079999999969e+02,-8.658353999999999218e+00
-1.278678999999999988e+01,-9.197387700000000166e+01,-7.093020599999999831e+01
-1.144768700000000017e+01,-9.046665199999999629e+01,3.277139300000000333e+01
-8.442787900000000434e+01,5.035851000000000077e+00,6.570348400000000311e+01
-3.254437599999999975e+01,4.113444899999999649e+01,-4.489181999999999562e+00
-3.947929999999999939e+00,-1.096578059999999937e+02,-2.951730699999999885e+01
1.043454299999999968e+01,9.762886999999999205e+00,5.921060000000000212e-01
-4.612062499999999687e+01,1.525730700000000084e+01,-2.357799699999999987e+01
4.023210499999999712e+01,-4.411431900000000184e+01,-7.317119599999999480e+01
-8.646783399999999631e+01,1.607242000000000104e+01,8.115594500000000266e+01
2.585266999999999982e+00,6.587270000000000181e+00,2.326322999999999919e+00
-8.102262899999999490e+01,2.603999900000000167e+01,8.021238700000000676e+01
4.632396700000000322e+01,1.655723400000000112e+01,6.713273000000000046e+00
3.274674199999999757e+01,-1.985715100000000177e+01,1.212925500000000056e+01
-5.337522100000000336e+01,-5.683658199999999994e+01,7.198270399999999825e+01
-1.606918699999999944e+01,3.996033899999999761e+01,2.226173599999999908e+01
-8.147119999999999251e+00,6.086520000000000152e+01,2.517226600000000047e+01
-6.327077500000000043e+01,2.953957700000000131e+01,4.289621400000000051e+01
7.113516199999999401e+01,7.509629800000000444e+01,-5.112974000000000352e+00
-3.067584400000000144e+01,4.493862200000000229e+01,4.501950000000000118e-01
4.686043999999999876e+00,-5.080737000000000059e+00,8.711202999999999363e+00
6.243822500000000275e+01,-3.316795299999999713e+01,-3.042021899999999945e+01
3.092350000000000065e+01,-1.286428800000000017e+01,1.071377500000000005e+01
-1.383382100000000037e+01,1.497151799999999966e+01,5.686230000000000118e+00
-5.902718399999999832e+01,1.033097599999999971e+01,1.130036499999999933e+01
7.213393399999999644e+01,-2.298842199999999991e+01,-5.292959599999999654e+01
-4.839904999999999902e+00,2.275521499999999975e+01,1.401218399999999953e+01
-2.098941599999999852e+01,2.388992500000000163e+01,8.698586000000000595e+00
8.333446499999999446e+01,-4.800688000000000066e+00,-4.987201699999999960e+01
4.489777000000000129e+00,5.289176000000000322e+00,-1.370297000000000098e+00
-3.087104400000000126e+01,-6.361443299999999823e+01,-7.937100200000000427e+01
4.677005400000000179e+01,-7.889468399999999804e+01,-7.516522000000000148e+00
3.338364800000000088e+01,-5.851823000000000263e+01,1.767058899999999966e+01
-5.398111699999999757e+01,-5.303834200000000010e+01,7.569062800000000379e+01
8.037542700000000195e+01,7.638906000000000418e+00,-1.455995799999999996e+01
-5.565501799999999832e+01,2.488222299999999976e+01,1.832077200000000161e+01
2.344690299999999894e+01,-1.598970000000000002e+00,-2.271498999999999935e+00
-1.130832299999999968e+01,1.132765999999999984e+01,5.089052999999999827e+00
-2.318079600000000084e+01,-4.524361999999999995e+00,-8.357041200000000458e+01
2.151781799999999834e+01,-8.881684999999999164e+00,1.657315000000000094e+00
-4.986062600000000344e+01,-7.325516500000000519e+01,-4.148490499999999770e+01
-3.466076699999999988e+01,-9.158542599999999823e+01,-2.816393700000000067e+01
5.587899000000000171e+01,1.245080800000000032e+01,7.417508999999999908e+00
-9.170018999999999920e+00,5.294600299999999748e+01,2.874288400000000010e+01
-6.417630800000000590e+01,-4.665663000000000338e+00,1.605639800000000150e+01
2.473908399999999830e+01,-9.995495599999999570e+01,4.565179999999999794e-01
3.848263899999999893e+01,-5.128472500000000167e+01,1.175029199999999996e+01
-5.582810200000000123e+01,3.659617599999999982e+01,5.857408499999999663e+01
-6.810233300000000156e+01,-4.132425700000000290e+01,5.121194100000000304e+01
6.401852399999999932e+01,2.191121499999999855e+01,6.101163999999999810e+00
-5.827653099999999853e+01,-1.078705500000000050e+01,-3.542581200000000052e+01
4.676998100000000136e+01,3.084259199999999979e+01,-6.829350300000000118e+01
-5.653571699999999822e+01,4.318050999999999640e+00,-4.782574999999999577e+00
-4.119982499999999703e+01,3.975084700000000026e+01,2.856250400000000056e+01
1.146505279999999942e+02,1.159670700000000032e+01,-4.322231299999999976e+01
7.921810200000000179e+01,7.538955699999999638e+01,-1.200941000000000081e+01
-4.226601399999999842e+01,3.817041799999999796e+01,3.525919700000000034e+01
-1.811762799999999984e+01,-2.876427500000000137e+01,-9.031042499999999507e+01
-3.827768300000000323e+01,-9.072237400000000207e+01,7.707600000000000007e-01
-4.721764799999999696e+01,1.969432300000000069e+01,-7.922524000000000122e+00
-2.611929900000000160e+01,2.674417499999999848e+01,-5.055853299999999706e+01
-2.295458800000000110e+01,-2.475112700000000032e+01,-8.852307100000000162e+01
7.571851300000000151e+01,1.503603999999999941e+00,-2.614739399999999847e+01
4.001916500000000099e+01,7.474782600000000343e+01,1.974512700000000009e+01
3.091871799999999837e+01,-1.040321270000000027e+02,-3.034475899999999982e+01
1.323706800000000072e+01,-6.807781000000000304e+00,1.218734500000000054e+01
-7.099903000000000297e+00,1.291050700000000084e+01,6.286687999999999832e+00
-3.822780999999999807e+01,4.248284900000000164e+01,2.728863499999999931e+01
2.832827800000000096e+01,-2.579941000000000173e+01,2.296829400000000021e+01
-5.647156100000000123e+01,-6.346681000000000239e+00,-2.519797099999999901e+01
-4.062127699999999919e+01,1.826535799999999909e+01,-2.949838799999999850e+01
1.505544800000000016e+01,-9.897347999999999502e+01,1.252424899999999930e+01
-5.479391100000000137e+01,-1.972893099999999933e+01,7.360437000000000296e+01
1.266392399999999974e+01,-9.412845599999999990e+01,-6.677678699999999878e+01
9.911203000000000429e+01,8.926811000000000718e+00,-3.293088500000000352e+01
9.748565700000000334e+01,5.271124300000000318e+01,-3.116085999999999956e+01
4.340760000000000218e+01,-1.997619200000000106e+01,4.418022999999999811e+00
-5.905524799999999885e+01,-5.501885200000000253e+01,-6.731203999999999965e+00
1.128071439999999939e+02,1.093896499999999961e+01,-4.121217000000000041e+01
-6.358558299999999974e+01,-4.880233799999999889e+01,5.923090700000000197e+01
-1.344753299999999996e+01,4.107452000000000325e+00,3.895235399999999970e+01
5.868128600000000006e+01,-2.756007800000000074e+01,-1.270794199999999918e+01
-3.215994999999999937e+00,5.479802300000000059e+01,-1.559592600000000040e+01
3.260599100000000305e+01,-5.357400499999999965e+01,1.800447700000000140e+01
-4.884787000000000035e+01,4.426014299999999935e+01,4.523194900000000018e+01
7.521803000000000239e+00,7.937126000000000126e+00,1.377980999999999900e+00
8.298825000000000784e+00,6.269270699999999863e+01,3.009609800000000135e+01
-5.098248300000000199e+01,-4.896232599999999735e+01,7.553346999999999412e+01
-8.732203699999999458e+01,-1.359081300000000070e+01,8.460923800000000483e+01
3.575341000000000236e+01,-7.066156800000000260e+01,-6.569293999999999301e+01
3.266898999999999997e+00,5.775061800000000289e+01,2.357929999999999993e+01
-2.386333000000000037e+00,5.215254999999999974e+00,-8.555100299999999436e+01
5.853616000000000241e+01,2.691908600000000007e+01,1.093829200000000057e+01
4.218975999999999615e+00,-5.388119999999999798e+00,7.446733000000000047e+00
-1.509254699999999971e+01,1.786762399999999928e+01,5.957004000000000410e+00
-1.533637599999999956e+01,4.973168199999999928e+01,2.878337099999999893e+01
2.049141900000000049e+01,-1.098288569999999993e+02,-2.800173799999999957e+01
6.654441099999999665e+01,-1.444676899999999975e+01,-1.236269799999999996e+01
-6.129798499999999706e+01,-4.049455300000000335e+01,-2.890531500000000165e+01
6.110913800000000151e+01,-3.285282500000000283e+01,-2.677400199999999941e+01
-5.777035099999999801e+01,-9.517130999999999119e+00,-2.426430699999999874e+01
-2.287667100000000175e+01,3.663928599999999847e+01,-3.601624300000000289e+01
-3.448421900000000306e+01,4.807055299999999676e+01,2.968921699999999930e+01
1.353036960000000022e+02,3.368164800000000270e+01,-4.138510500000000292e+01
-4.237871899999999670e+01,-3.109523000000000081e+01,-7.833145100000000127e+01
-8.706857300000000066e+01,-6.086323000000000150e+00,8.756200400000000172e+01
-8.377050000000000551e+00,-8.503753700000000038e+01,4.053097199999999845e+01
-5.565425499999999914e+01,-5.948105199999999826e+01,2.340447199999999839e+01
-7.760201999999999600e+01,-1.657917000000000129e+01,5.019190600000000302e+01
-4.175595500000000015e+01,3.629028699999999930e+01,5.906750999999999863e+00
7.020092800000000466e+01,5.431349199999999655e+01,-7.369022000000000183e+00
7.620726000000000511e+01,-1.205636100000000077e+01,-4.596061699999999917e+01
-2.267377000000000198e+00,6.049668100000000237e+01,-5.194730999999999987e+00
-7.131588999999999956e+00,7.200895000000000046e+00,1.735006000000000048e+00
1.135710679999999968e+02,1.017808400000000013e+01,-4.373102999999999696e+01
-2.568016599999999983e+01,-8.010886399999999696e+01,4.812226100000000173e+01
6.033719999999999750e+00,1.716810000000000003e-01,-7.113434999999999953e+00
4.999298499999999734e+01,-4.155456499999999664e+01,-1.063853800000000049e+01
1.648299000000000092e+01,-1.092028349999999932e+02,-2.383516300000000143e+01
5.060423999999999722e+01,5.933820300000000003e+01,-4.583594500000000238e+01
-5.115661999999999665e+01,-6.056750900000000115e+01,2.890172799999999853e+01
4.516448999999999714e+00,-6.902632999999999797e+00,6.219108000000000303e+00
-6.070058800000000332e+01,-4.606075700000000239e+01,-7.305398000000000280e+00
-6.928954299999999478e+01,3.383387400000000156e+01,5.847980100000000192e+01
-7.750103799999999410e+01,3.260895899999999870e+01,7.596871899999999300e+01
-2.527672199999999947e+01,3.438452099999999945e+01,1.713480799999999959e+01
-2.161966299999999919e+01,3.434820999999999902e+00,-8.026693000000000211e+01
-3.177456499999999906e+01,-5.992470600000000047e+01,6.127146499999999918e+01
5.992831000000000330e+01,-4.307237200000000144e+01,-4.588634900000000272e+01
-1.176703000000000054e+00,1.799563399999999902e+01,1.066692899999999966e+01
3.375071299999999752e+01,7.870264400000000649e+01,1.777262100000000089e+01
-5.055623200000000139e+01,-7.329480700000000581e+01,8.685582000000000136e+00
-6.216448199999999957e+01,-3.657241799999999898e+01,1.213667999999999969e+00
3.935150900000000007e+01,-4.396285199999999804e+01,7.483156000000000141e+00
-4.484428799999999882e+01,3.848864700000000028e+01,1.689796799999999877e+01
-3.718982700000000108e+01,3.447503700000000038e+01,1.980981600000000142e+01
9.097229000000000099e+01,5.440415999999999741e+01,-5.319727699999999970e+01
1.202475429999999932e+02,1.950313900000000089e+01,-4.190112700000000245e+01
-5.485869999999999891e+01,-6.719535799999999881e+01,-5.568762999999999685e+00
-5.703960000000000141e-01,-1.044257810000000006e+02,-4.262679999999999580e+00
2.516617199999999954e+01,7.071070100000000025e+01,1.346538499999999949e+01
-8.039269999999999472e-01,2.113751800000000003e+01,-7.233916499999999417e+01
-8.106254599999999755e+01,-2.289281799999999834e+01,9.234127800000000263e+01
-4.401995800000000258e+01,2.067198899999999995e+01,-1.990779500000000013e+01
-6.118776299999999679e+01,-2.030632599999999854e+01,8.164906999999999471e+00
-3.292910400000000237e+01,4.940012000000000114e+01,3.085334999999999894e+01
-1.806524100000000033e+01,5.047647500000000065e+01,3.050216100000000097e+01
6.204437999999999676e+01,-3.817082599999999815e+01,-3.717238199999999892e+01
-6.876014700000000346e+01,-3.632558399999999921e+01,3.690354200000000162e+01
4.249293500000000279e+01,3.450612300000000232e+01,-6.722811900000000662e+01
-3.701196300000000150e+01,-6.608845999999999776e+00,-7.590503699999999299e+01
1.410446600000000039e+01,6.082455399999999912e+01,3.277128999999999959e+00
-5.457037700000000058e+01,4.514455399999999941e+01,4.674424400000000190e+01
5.801689100000000110e+01,5.323979599999999834e+01,-5.944975300000000118e+01
3.800586000000000020e+00,-3.743701999999999863e+00,8.983197000000000543e+00
5.537152900000000244e+01,-1.462358099999999972e+01,-7.266313900000000103e+01
2.229615199999999930e+01,7.348411600000000021e+01,2.766655700000000095e+01
-3.530362699999999876e+01,2.525510399999999933e+01,2.563418599999999969e+01
-6.882753800000000410e+01,2.561528200000000055e+01,4.727219399999999894e+01
-2.972480799999999945e+01,5.240206100000000333e+01,1.758880999999999872e+01
1.065281070000000057e+02,5.881393800000000027e+01,-4.308610500000000343e+01
-6.830474900000000105e+01,2.889418000000000042e+00,7.343730899999999906e+01
-1.525964300000000051e+01,4.710528200000000254e+01,-2.515641400000000161e+01
-5.807616399999999857e+01,3.076759900000000059e+01,3.135435899999999876e+01
-6.067525100000000293e+01,-2.382099300000000142e+01,2.633980999999999906e+00
7.765639500000000339e+01,-9.815530000000000754e+00,-4.713132499999999681e+01
-3.623796800000000218e+01,2.344829800000000120e+01,-3.697043200000000240e+01
-4.853643000000000285e+01,1.644423899999999961e+01,-1.297261699999999962e+01
-2.141864199999999840e+01,8.258730999999999156e+00,3.989630900000000224e+01
1.601314199999999843e+01,-9.673789999999999623e+01,1.537921700000000058e+01
9.466459999999999875e-01,5.293542899999999918e+01,7.462343999999999866e+00
-7.457983999999999725e+00,3.956548300000000040e+01,2.776779900000000012e+01
-8.868103000000000691e+01,-6.957456999999999780e+00,8.290601300000000151e+01
1.807979800000000026e+01,-1.078668899999999979e+02,-1.975784499999999966e+01
-5.604886599999999675e+01,-4.435743300000000033e+01,-5.460866899999999902e+01
-3.139527100000000104e+01,5.011871299999999962e+01,1.490318000000000076e+01
-3.422466699999999662e+01,-9.179949999999999477e+01,-2.303794299999999851e+01
-1.691412499999999852e+01,-8.077290299999999945e+01,4.694648699999999764e+01
3.576439000000000146e+00,-3.670576000000000061e+00,2.799534200000000084e+01
-8.127336900000000242e+01,1.740627699999999933e+01,6.371211199999999764e+01
7.035382799999999293e+01,-7.822408000000000250e+00,-1.152654599999999974e+01
-5.937327599999999705e+01,1.604872000000000076e+00,5.723703999999999681e+00
-1.146836399999999934e+01,2.722289500000000118e+01,1.510756699999999952e+01
-3.874832500000000124e+01,-4.688034799999999791e+01,-8.065250399999999331e+01
-2.067031100000000166e+01,3.305968899999999877e+01,1.622147199999999856e+01
-3.451709000000000316e+01,4.509108400000000216e+01,8.488224000000000657e+00
-4.825009899999999874e+01,-2.026430300000000173e+01,6.977436799999999550e+01
2.449689899999999909e+01,-3.272940799999999939e+01,2.852255999999999858e+01
-5.640715000000000146e+00,6.304812000000000083e+00,1.144991000000000092e+00
1.281823400000000035e+01,-9.297081000000000017e+01,2.264305099999999982e+01
1.231943739999999963e+02,2.814918499999999923e+01,-3.833397300000000030e+01
8.721494300000000521e+01,-3.875681999999999849e+00,-4.890321399999999841e+01
-1.767353999999999914e+01,5.026453000000000060e+00,3.997532300000000305e+01
-5.218995999999999924e+01,7.827517000000000280e+00,-1.161391700000000071e+01
-3.857034000000000074e+00,2.692861999999999867e+00,1.988442999999999961e+00
5.671919599999999662e+01,-6.016123000000000332e+00,8.884119000000000099e+00
-5.646918099999999896e+01,-5.348550000000000182e+01,7.497137499999999477e+01
-5.018188899999999819e+01,-5.982144499999999709e+01,6.842768900000000087e+01
-1.631121600000000171e+01,5.739256699999999967e+01,9.432876000000000261e+00
-7.786690500000000270e+01,2.886702000000000101e+00,8.246077699999999311e+01
-9.124729000000000312e+00,1.935236400000000145e+01,-7.116598500000000627e+01
-8.708503699999999981e+01,1.411743300000000012e+01,7.454260299999999972e+01
-5.760628100000000273e+01,-2.137693600000000060e+01,-5.001964199999999749e+01
-4.963879800000000131e+01,4.321632400000000018e+01,3.183771099999999876e+01
1.140485149999999948e+02,1.201322700000000054e+01,-4.565283600000000064e+01
-4.368084000000000344e+01,-2.201437599999999861e+01,-7.589665200000000311e+01
3.842940000000000023e+00,-1.013107800000000047e+01,4.191217000000000326e+01
-8.872192999999999330e+00,-2.957883299999999949e+01,5.072637199999999780e+01
1.771005999999999858e+01,6.198750299999999669e+01,-2.871910999999999881e+00
-2.449261699999999919e+01,2.936114299999999844e+01,1.236857200000000034e+01
1.389460700000000060e+01,-1.117045669999999973e+02,-3.312908900000000045e+01
-4.002727500000000305e+01,3.649394199999999699e+01,3.261080999999999896e+00
2.850816299999999970e+01,2.243714299999999895e+01,1.570281600000000033e+01
5.256060000000000088e+01,-1.833872600000000119e+01,5.405313999999999730e+00
7.531302599999999359e+01,7.453455399999999997e+01,-2.398932599999999837e+01
-8.434423000000000670e+00,4.950822099999999892e+01,3.108087899999999948e+01
8.789987899999999854e+01,2.825810200000000094e+01,-1.755828100000000092e+01
7.390013899999999580e+01,7.451734899999999584e+01,-7.767299000000000397e+00
6.229459800000000058e+01,-1.034562700000000035e+01,2.567780000000000062e-01
-7.639106800000000419e+01,2.920401999999999987e+01,6.527305599999999686e+01
1.810172800000000137e+01,-8.849828300000000070e+01,2.247281600000000168e+01
3.653750000000000053e+00,4.856635299999999944e+01,9.971963999999999828e+00
4.592840600000000251e+01,-8.618956000000000017e+01,-1.453057000000000087e+01
-1.134837100000000021e+01,5.220744299999999782e+01,2.850557900000000089e+01
-5.288034999999999819e+00,-8.778821600000000558e+01,-7.479162599999999372e+01
1.532613899999999951e+01,1.242347600000000085e+01,1.106091699999999989e+01
-6.086533699999999669e+01,-1.464497899999999930e+01,8.026493999999999573e+00
-9.116711999999999705e+00,-7.078449200000000019e+01,-8.370267499999999927e+01
-5.885976000000000141e+01,-5.595159900000000164e+01,-1.475772000000000084e+01
-8.114831999999999823e+00,-1.066064530000000019e+02,-1.450497200000000042e+01
7.894422999999999746e+00,1.245795099999999955e+01,1.183214199999999927e+01
-3.272654699999999650e+01,2.230548999999999893e+01,2.558311700000000144e+01
-8.524039500000000658e+01,-1.097564999999999902e+00,8.843151899999999443e+01
7.749401899999999443e+01,7.698637399999999786e+01,-1.949973100000000059e+01
2.087156699999999887e+01,-4.846641199999999827e+01,-8.470427700000000470e+01
-3.225958599999999876e+01,-6.724754299999999319e+01,6.099760100000000307e+01
-1.327318099999999923e+01,5.612997800000000126e+01,2.927853599999999901e+01
-4.989081600000000094e+01,4.348875400000000013e+01,4.700711799999999840e+01
4.991302499999999753e+01,-8.161369299999999782e+01,-3.473142200000000201e+01
7.700907100000000582e+01,-1.057982600000000062e+01,-4.760864600000000024e+01
-6.362104399999999771e+01,-3.970918700000000001e+01,8.413204199999999844e+01
2.891906200000000027e+01,6.785391999999999868e+00,-2.216175999999999924e+00
1.037420799999999943e+01,-9.433590999999999838e+00,7.341641000000000084e+00
-1.907474099999999950e+01,4.377241099999999818e+01,-2.629214899999999844e+01
-3.726525900000000036e+01,2.960790300000000030e+01,-2.023205799999999854e+01
-3.929443700000000206e+01,-7.762408399999999631e+01,2.908550599999999875e+01
-4.350635499999999922e+01,4.441220500000000015e+01,2.669587100000000035e+01
-5.879419999999999646e-01,1.149803400000000053e+01,6.631327999999999889e+00
1.179645000000000055e+00,-9.384702299999999298e+01,2.694438600000000150e+01
6.838984700000000316e+01,-3.012672600000000145e+01,-4.620891600000000210e+01
-4.878712099999999907e+01,4.227733599999999825e+01,4.640612399999999838e+01
-5.337898000000000032e+00,-8.438939700000000244e+01,4.084568000000000154e+01
-1.501166599999999995e+01,3.327251100000000150e+01,1.909349399999999974e+01
-3.339449299999999710e+01,4.386128200000000277e+01,4.305086000000000190e+00
-6.172948099999999982e+01,-4.181679900000000316e+01,8.302084399999999675e+01
2.024813999999999936e+01,5.563183599999999984e+01,-3.637508400000000108e+01
-1.428559899999999949e+01,2.765576899999999938e+01,1.378926200000000080e+01
-1.641958199999999835e+01,2.600762000000000018e+00,-8.333020799999999895e+01
7.407232700000000136e+01,4.149778400000000289e+01,-6.668423999999999907e+00
2.196780800000000156e+01,1.092889300000000041e+01,2.474310000000000120e-01
-3.944919000000000064e+00,-1.768096399999999946e+01,-9.156895400000000507e+01
-4.124444199999999938e+01,4.535760899999999651e+01,2.361962899999999976e+01
7.359501600000000110e+01,1.226112400000000058e+01,-5.757018699999999711e+01
-2.593848399999999899e+01,3.708431600000000117e+01,2.022610999999999848e+01
-1.653828999999999994e+00,-1.085197220000000016e+02,-4.054116400000000198e+01
6.775176999999999339e+01,-2.035835300000000103e+01,-5.817990100000000098e+01
-8.790641000000000815e+00,3.364891099999999824e+01,-5.350366199999999850e+01
-1.311109100000000005e+01,5.913983199999999840e+01,8.863490999999999786e+00
7.019232200000000432e+01,2.154346800000000073e+01,5.792420000000000346e-01
-5.658357600000000076e+01,-1.904341900000000010e+01,-5.402796200000000226e+01
1.110726930000000010e+02,2.939292100000000119e+01,-3.767425500000000227e+01
2.149824999999999875e+00,-2.593027999999999889e+00,7.401656000000000013e+00
-3.460462600000000322e+01,-7.914742999999999995e+01,3.704687100000000299e+01
3.343163700000000205e+01,-9.781099700000000041e+01,-9.187694000000000472e+00
-6.101417999999999786e+00,1.871215000000000073e+00,-8.613231700000000046e+01
-8.019108599999999853e+01,-2.510059400000000096e+01,9.110477400000000614e+01
-3.002136999999999833e+00,-1.028448719999999952e+02,7.328701999999999828e+00
-4.160889099999999985e+01,4.290735600000000005e+01,2.915517600000000087e+01
9.493079400000000589e+01,1.450993300000000019e+01,-2.608057000000000158e+01
1.288484700000000061e+01,-8.438637999999999195e+00,8.465054999999999552e+00
-5.053781899999999894e+01,1.069877999999999929e+01,-1.294343899999999969e+01
1.961158199999999852e+01,-8.350721999999999312e+00,1.951942299999999975e+01
-2.824419400000000024e+01,2.130682799999999943e+01,-5.626084500000000332e+01
1.018233570000000014e+02,6.425681299999999396e+01,-2.950927499999999881e+01
-1.730259500000000017e+01,1.498336600000000018e+01,6.574169999999999625e+00
-4.323690400000000267e+01,4.414844500000000238e+01,2.787462599999999924e+01
-5.722059600000000046e+01,-6.048941000000000123e+00,-1.502510299999999965e+01
1.097227479999999957e+02,5.717913099999999815e+01,-3.334669499999999687e+01
4.796300500000000255e+01,-8.714547699999999963e+01,-3.068470200000000148e+01
-3.222537200000000013e+01,4.610380200000000173e+01,7.187796999999999770e+00
-5.485585799999999779e+01,-1.247846000000000011e+00,-3.147359099999999899e+01
-3.035871900000000068e+01,4.027716800000000319e+01,2.285865799999999837e+01
-6.259414699999999954e+01,-4.709270899999999926e+01,2.303402900000000031e+01
3.318035900000000282e+01,7.166142299999999921e+01,2.313194299999999970e+01
-5.881462499999999949e+01,-5.349514800000000037e+01,6.892562900000000070e+01
2.095513300000000001e+01,1.996884299999999968e+01,1.823412300000000030e+01
-9.940887999999999280e+00,-2.800745799999999974e+01,-9.150609599999999944e+01
4.206566600000000022e+01,1.021309899999999971e+01,2.143832000000000182e+00
3.969242100000000306e+01,-4.948684300000000036e+01,8.969609999999999417e+00
-3.942472099999999813e+01,-8.812431300000000078e+01,-1.515355100000000022e+01
-8.155015000000000569e+00,2.417299099999999967e+01,1.297239399999999954e+01
-2.670703299999999913e+01,-6.626409999999999911e+00,5.718726300000000151e+01
2.396447900000000075e+01,6.373171200000000169e+01,2.866151999999999944e+01
-2.508650799999999848e+01,-8.123226900000000228e+01,4.549377100000000240e+01
-3.189636000000000138e+00,1.874807500000000005e+01,1.062376100000000001e+01
-1.234901799999999916e+01,5.533535400000000237e+01,2.868503600000000020e+01
-3.054005099999999828e+01,4.781410600000000244e+01,8.136409999999999698e+00
-1.770593999999999824e+01,2.509687800000000024e+01,9.151624999999999233e+00
2.555579399999999879e+01,-1.812769300000000072e+01,2.296733300000000000e+01
-4.888138599999999911e+01,-5.353446199999999777e+01,7.358816500000000360e+01
7.423629999999999951e-01,-2.113693000000000044e+00,4.401178999999999952e+00
7.406751300000000526e+01,7.805043000000000575e+01,-1.052158900000000052e+01
-1.651929300000000111e+01,4.491537900000000150e+01,-2.770882200000000140e+01
5.780723600000000317e+01,-1.036113100000000031e+01,4.753254000000000090e+00
-3.143615300000000090e+01,-9.449385800000000302e+01,-3.751209999999999667e+01
8.058025999999999911e+00,5.519593000000000416e+00,-8.570111799999999391e+01
7.967732999999999777e+01,2.085757299999999859e+01,-8.935230999999999923e+00
4.200521100000000274e+01,-5.143536799999999687e+01,5.511218999999999646e+00
-2.890661999999999843e+00,-1.099980319999999949e+02,-2.348849900000000090e+01
5.464077799999999741e+01,-5.622969100000000253e+01,-1.955645900000000026e+01
1.032770000000000010e+01,1.080692499999999967e+01,2.801250000000000018e+00
9.493911699999999598e+01,4.390372800000000097e+01,-5.139809000000000339e+01
3.685976000000000141e+01,-5.474976300000000151e+01,-7.176512900000000172e+01
3.168575099999999978e+01,-2.684549900000000022e+01,1.617275800000000174e+01
-5.104643200000000292e+01,3.967406799999999834e+01,2.833515399999999929e+01
-3.102934799999999882e+01,3.218933100000000280e+01,1.633926599999999851e+01
4.326266999999999641e+00,-7.312570200000000398e+01,3.962825000000000131e+01
-8.350666000000000366e+00,3.152458400000000083e+01,2.521043399999999934e+01
6.518182000000000365e+00,6.134850699999999790e+01,3.253102899999999664e+01
-9.190134999999999721e+00,4.750328999999999802e+00,2.191362399999999866e+01
-6.376340900000000289e+01,8.900776999999999717e+00,2.009762999999999877e+01
3.273174000000000028e+00,3.094123799999999846e+01,-6.415647099999999625e+01
-2.046591999999999967e+00,1.059104999999999919e+01,5.990661000000000236e+00
7.922234299999999507e+01,7.786837800000000698e+01,-1.647727199999999925e+01
-1.328583000000000069e+01,5.890658599999999723e+01,2.955406400000000033e+01
-7.030604599999999493e+01,-3.937287100000000351e+01,5.512748299999999801e+01
2.125171100000000024e+01,-7.985578000000000287e+00,-7.831100000000000561e-02
8.403285200000000543e+01,3.772889000000000159e+00,-2.659154300000000148e+01
1.306814420000000041e+02,4.664072800000000285e+01,-4.468109100000000211e+01
4.254070699999999761e+01,-9.389246400000000392e+01,-2.521407900000000168e+01
-3.885648299999999722e+01,3.256024899999999889e+01,3.062065499999999929e+01
-6.676243599999999390e+01,-3.092996399999999824e+01,2.261707300000000131e+01
-5.188435400000000186e+01,-5.840063099999999707e+01,7.047828699999999458e+01
1.455195100000000075e+01,-7.871883999999999659e+00,2.789983399999999847e+01
-3.724778400000000289e+01,4.115040599999999671e+01,2.391246399999999994e+01
-5.168565799999999655e+01,3.047174599999999955e+01,5.478999699999999962e+01
-8.842221100000000433e+01,1.045178399999999996e+01,7.960650599999999599e+01
-2.602963300000000046e+01,5.680914700000000295e+01,3.247936599999999885e+01
-7.131535300000000177e+01,-3.680852500000000305e+01,5.205366099999999818e+01
2.542041000000000039e+01,-9.416691000000000145e+00,1.065019400000000083e+01
4.567420000000000258e+00,5.739326100000000253e+01,-2.350561499999999882e+01
8.114015999999999451e+00,1.135750900000000030e+01,5.628626999999999825e+00
6.705039999999999623e+01,5.753659100000000137e+01,-5.305316999999999616e+00
-9.123464999999999492e+00,4.331347300000000189e+01,-4.072058499999999981e+01
7.229833200000000204e+01,4.817068499999999887e+01,-6.860586999999999769e+00
-8.612640000000000740e+00,4.719353100000000012e+01,-3.329116799999999898e+01
-4.445793199999999956e+01,2.139406999999999925e+01,5.014715999999999951e+01
-6.022155000000000058e+01,-4.970762299999999811e+01,7.791692399999999452e+01
5.537772799999999762e+01,2.843361700000000170e+01,1.290279199999999982e+01
6.406380500000000211e+01,8.022909500000000094e+01,-4.890385000000000204e+00
3.602114900000000119e+01,-8.963030200000000036e+01,2.765569999999999973e-01
7.549743700000000501e+01,-4.426946000000000048e+00,-2.332430499999999896e+01
1.853925699999999921e+01,-1.110651099999999936e+01,2.895816800000000057e+01
-5.325302099999999683e+01,1.536669999999999980e+00,-3.328281400000000190e+01
-3.997068800000000266e+01,3.409284199999999743e+01,3.663496800000000064e+01
1.956689599999999984e+01,1.008798999999999957e+01,2.365294000000000008e+00
-2.873323600000000155e+01,3.309603899999999754e+01,-3.351665100000000308e+01
-1.091094400000000064e+01,1.500352900000000034e+01,6.377727000000000146e+00
-6.135116599999999920e+01,-2.195665199999999828e+01,-4.584514999999999674e+00
4.042227599999999654e+01,-4.141644000000000325e+00,4.736640999999999657e+00
-4.195933200000000340e+01,-7.027780199999999411e+01,4.874763500000000249e+01
3.627039700000000266e+01,-1.001348109999999991e+02,-3.166999399999999909e+01
4.171489000000000225e+00,-8.482224000000000430e+00,1.035792000000000046e+00
7.573284900000000164e+01,-6.741306999999999938e+00,-2.699772499999999908e+01
-5.519691499999999706e+01,-3.399118999999999780e+00,-2.559491500000000030e+01
1.019003299999999967e+01,-1.114155810000000031e+02,-2.349944100000000091e+01
-6.146428699999999878e+01,-4.753392800000000307e+01,1.170556400000000075e+01
-7.215032999999999674e+01,-2.848764399999999952e+01,8.970275100000000634e+01
-3.315894999999999815e+00,2.017407199999999889e+01,1.184313799999999972e+01
1.102346700000000013e+01,6.371654500000000354e+01,3.603889800000000321e+01
3.950708399999999898e+01,1.837266500000000136e+01,-7.296881100000000231e+01
5.173289900000000330e+01,-2.045554699999999926e+01,5.866900000000000226e+00
-7.510024300000000608e+01,2.703131499999999932e+01,6.171725800000000106e+01
-3.688560999999999979e+00,-1.082572169999999971e+02,-1.641322699999999912e+01
-3.229478100000000040e+01,4.886574199999999735e+01,3.085471000000000075e+01
-1.567904000000000053e+01,-3.060144999999999893e+00,4.642932100000000162e+01
-2.703254300000000043e+01,-8.919900499999999965e+01,2.201257499999999823e+01
-1.082231600000000071e+01,3.475257100000000321e+01,2.526904499999999842e+01
1.692929499999999976e+01,-1.026378399999999971e+02,-2.034630000000000050e-01
-2.114564899999999881e+01,3.830319599999999980e+01,2.187587699999999913e+01
-5.148013699999999915e+01,-2.077058000000000071e+00,-4.791278799999999904e+01
3.302576799999999935e+01,-1.022725910000000056e+02,-2.660174400000000006e+01
-6.776155900000000543e+01,-2.027515599999999907e+01,2.085006299999999868e+01
5.271626299999999787e+01,5.869407999999999959e+01,8.963167000000000328e+00
-7.298687700000000689e+01,-2.605150400000000133e+01,4.141406200000000126e+01
1.807635900000000007e+01,-1.033465960000000052e+02,-8.196529999999999205e+00
7.758321399999999812e+01,-3.937443000000000026e+00,-3.733486899999999764e+01
-7.301846299999999701e+01,2.060891700000000171e+01,5.059939200000000170e+01
6.892157000000000266e+01,7.647792099999999493e+01,-2.561424999999999841e+00
-4.210640000000000072e+01,4.209411999999999665e+01,2.946787799999999891e+01
4.020065699999999964e+01,4.020355599999999896e+01,2.276906200000000169e+01
9.669149799999999573e+01,6.667793999999999777e+00,-3.215301099999999934e+01
-1.479349400000000081e+01,3.197616599999999920e+01,1.732209399999999988e+01
1.688659900000000036e+01,3.485076099999999855e+01,-6.413398700000000474e+01
7.866414600000000235e+01,7.751314499999999441e+01,-1.202687799999999996e+01
7.643819399999999575e+01,-6.851134000000000057e+00,-3.942814599999999814e+01
-3.673282999999999987e+01,4.256584900000000005e+01,2.564473900000000128e+01
-5.567212700000000325e+01,-6.605373400000000572e+01,5.356730999999999909e+00
-3.141769000000000034e+01,4.306674999999999898e+01,2.582877300000000176e+01
1.102873689999999982e+02,6.097477999999999732e+00,-4.522789800000000326e+01
4.370535699999999935e+01,8.000238000000000227e+01,1.705957400000000135e+01
-6.131405300000000125e+01,-2.828863000000000127e+01,-2.467136599999999902e+01
7.214193699999999865e+01,-2.132299199999999928e+01,-4.607654200000000344e+01
1.761534100000000080e+01,1.800820399999999921e+01,1.739162800000000075e+01
-1.709367200000000153e+01,-9.749031100000000549e+01,7.796122000000000440e+00
-3.042440799999999967e+01,4.970111099999999738e+01,3.204787400000000019e+01
-1.829813599999999951e+01,2.756055100000000024e+01,-5.462290200000000340e+01
-4.185330600000000345e+01,-7.495656599999999514e+01,2.736912200000000084e+01
7.485604100000000471e+01,-1.263626600000000089e+01,-5.072214499999999759e+01
-3.644553999999999849e+00,1.643238999999999894e+00,9.334429999999999339e+00
-8.654457100000000480e+01,1.082834700000000083e+01,7.137091100000000665e+01
4.400346799999999803e+01,-5.607578999999999780e+01,3.145147999999999833e+00
4.981909600000000182e+01,-3.126305999999999941e+01,3.132324999999999804e+00
9.504179000000000599e+00,1.348988699999999952e+01,-8.003762100000000146e+01
-3.679366699999999923e+01,3.061812199999999962e+01,3.155473699999999937e+01
-1.024587600000000087e+01,1.988851400000000069e+01,9.690374999999999517e+00
5.801441999999999766e+00,-5.057303000000000104e+00,2.500450700000000026e+01
-3.562385900000000305e+01,4.072444899999999990e+01,2.272694600000000165e+01
-6.155069699999999955e+01,-2.090221400000000074e+01,-1.747022400000000175e+01
-4.723146400000000256e+01,4.324330900000000355e+01,4.379843100000000078e+01
-4.591607700000000136e+01,-8.100794199999999989e+01,-9.776718000000000686e+00
-5.030653000000000219e+01,-6.320251100000000122e+01,3.756701699999999988e+01
